INSERT INTO APP_ROLE (ID, LABEL) VALUES (1, 'ROLE_USER');
INSERT INTO APP_ROLE (ID, LABEL) VALUES (2, 'ROLE_ADMIN');

INSERT INTO MUNKALTATO (ID, CEG_LEIRAS, CEG_NEV) values (1, 'Szék kereskedelem', 'ALTA QUALITA Kft.');
INSERT INTO MUNKALTATO (ID, CEG_LEIRAS, CEG_NEV) values (2, 'Duguláselhárítás', 'BL-Online Kft.');
INSERT INTO MUNKALTATO (ID, CEG_LEIRAS, CEG_NEV) values (3, 'Könyvelés, adótanácsadás', 'Cikloid Kft.');
INSERT INTO MUNKALTATO (ID, CEG_LEIRAS, CEG_NEV) values (4, 'Webáruház', 'Clean Express Kft.');
INSERT INTO MUNKALTATO (ID, CEG_LEIRAS, CEG_NEV) values (5, 'Ruházati, ajándék nagykereskedés', 'Ex-Quintex Kft.');
INSERT INTO MUNKALTATO (ID, CEG_LEIRAS, CEG_NEV) values (6, 'Víz-, gáz-, fűtésszerelés', 'Goldner Team Kft.');
INSERT INTO MUNKALTATO (ID, CEG_LEIRAS, CEG_NEV) values (7, 'Zárjavítás, műszaki ajtónyitás', 'Haus Tipp-Topp Bt.');
INSERT INTO MUNKALTATO (ID, CEG_LEIRAS, CEG_NEV) values (8, 'Szélvédő javítás', 'Jagasits Zoltán e.v.');
INSERT INTO MUNKALTATO (ID, CEG_LEIRAS, CEG_NEV) values (9, 'Egészség és szépségmegőrzés', 'Kati-Szalon');
INSERT INTO MUNKALTATO (ID, CEG_LEIRAS, CEG_NEV) values (10, 'Bútorrestaurálás', '	Kispál Sándor bútorasztalos mester');
INSERT INTO MUNKALTATO (ID, CEG_LEIRAS, CEG_NEV) values (11, 'Nádtető készítés', 'MaricsNád Kft.');
INSERT INTO MUNKALTATO (ID, CEG_LEIRAS, CEG_NEV) values (12, 'Generkivitelezés, lakásépités', 'Montor Kft.');
INSERT INTO MUNKALTATO (ID, CEG_LEIRAS, CEG_NEV) values (13, 'Gumiszerviz', 'Pneu-Box Kft.');
INSERT INTO MUNKALTATO (ID, CEG_LEIRAS, CEG_NEV) values (14, 'Mérnöki szolgáltatás', 'ROBAKO Bt.');
INSERT INTO MUNKALTATO (ID, CEG_LEIRAS, CEG_NEV) values (15, 'Szórakoztatás', 'Stag Kiss Kft.');
INSERT INTO MUNKALTATO (ID, CEG_LEIRAS, CEG_NEV) values (16, 'Költöztetés', 'Svici Teher trans Kft.');
INSERT INTO MUNKALTATO (ID, CEG_LEIRAS, CEG_NEV) values (17, 'Projektmenedzsment oktatás', 'Szinergia Kft.');
INSERT INTO MUNKALTATO (ID, CEG_LEIRAS, CEG_NEV) values (18, 'Írószer nagykereskedés', 'T-Creativ.hu');
INSERT INTO MUNKALTATO (ID, CEG_LEIRAS, CEG_NEV) values (19, 'Számítástechnika', 'The-Sys Kft.');
INSERT INTO MUNKALTATO (ID, CEG_LEIRAS, CEG_NEV) values (20, 'Számítástechnika', 'Jusoft Hungary Kft.');

INSERT INTO ALLASKERESO (ID, ELERHETOSEG ,VEZETEKNEV, KERESZTNEV, STATUSZ, UTOLSO_BEJELENTKEZES) values (1, 'Mobil: +36309742658', 'Kovács', 'Béla', 'munkanélküli', TO_DATE('2018/03/21 12:11:44', 'yyyy/mm/dd hh24:mi:ss'));
INSERT INTO ALLASKERESO (ID, ELERHETOSEG, VEZETEKNEV, KERESZTNEV, STATUSZ, UTOLSO_BEJELENTKEZES) values (2, 'Mobil: +36203674125', 'Kiss', 'Imre', 'munkanélküli', TO_DATE('2018/02/15 08:42:44', 'yyyy/mm/dd hh24:mi:ss'));
INSERT INTO ALLASKERESO (ID, ELERHETOSEG, VEZETEKNEV, KERESZTNEV, STATUSZ, UTOLSO_BEJELENTKEZES) values (3, 'Mobil: +36705486524', 'Nagy','János', 'munkanélküli', TO_DATE('2018/04/02 18:13:44', 'yyyy/mm/dd hh24:mi:ss'));
INSERT INTO ALLASKERESO (ID, ELERHETOSEG, VEZETEKNEV, KERESZTNEV, STATUSZ, UTOLSO_BEJELENTKEZES) values (4, 'Mobil: +36304732598', 'Imre','Kristóf', 'munkanélküli', TO_DATE('2018/01/16 17:52:44', 'yyyy/mm/dd hh24:mi:ss'));
INSERT INTO ALLASKERESO (ID, ELERHETOSEG, VEZETEKNEV, KERESZTNEV, STATUSZ, UTOLSO_BEJELENTKEZES) values (5, 'Mobil: +36308345185', 'Horváth','András', 'foglalkoztatott', TO_DATE('2018/01/01 18:55:44', 'yyyy/mm/dd hh24:mi:ss'));
INSERT INTO ALLASKERESO (ID, ELERHETOSEG, VEZETEKNEV, KERESZTNEV, STATUSZ, UTOLSO_BEJELENTKEZES) values (6, 'Mobil: +36201384625', 'Tóth','Izabella', 'foglalkoztatott', TO_DATE('2018/02/23 11:32:44', 'yyyy/mm/dd hh24:mi:ss'));
INSERT INTO ALLASKERESO (ID, ELERHETOSEG, VEZETEKNEV, KERESZTNEV, STATUSZ, UTOLSO_BEJELENTKEZES) values (7, 'Mobil: +36307165842', 'Okányi','Imola', 'munkanélküli', TO_DATE('2018/04/02 09:14:44', 'yyyy/mm/dd hh24:mi:ss'));
INSERT INTO ALLASKERESO (ID, ELERHETOSEG, VEZETEKNEV, KERESZTNEV, STATUSZ, UTOLSO_BEJELENTKEZES) values (8, 'Mobil: +36706214788', 'Kovács','Béla', 'munkanélküli', TO_DATE('2018/04/02 10:03:44', 'yyyy/mm/dd hh24:mi:ss'));
INSERT INTO ALLASKERESO (ID, ELERHETOSEG, VEZETEKNEV, KERESZTNEV, STATUSZ, UTOLSO_BEJELENTKEZES) values (9, 'Mobil: +36706914212', 'Kocsis','Józseg', 'munkanélküli', TO_DATE('2018/04/02 18:13:44', 'yyyy/mm/dd hh24:mi:ss'));
INSERT INTO ALLASKERESO (ID, ELERHETOSEG, VEZETEKNEV, KERESZTNEV, STATUSZ, UTOLSO_BEJELENTKEZES) values (10, 'Mobil: +36304732598', 'Gyurin','Attila', 'munkanélküli', TO_DATE('2018/01/16 17:52:44', 'yyyy/mm/dd hh24:mi:ss'));
INSERT INTO ALLASKERESO (ID, ELERHETOSEG, VEZETEKNEV, KERESZTNEV, STATUSZ, UTOLSO_BEJELENTKEZES) values (11, 'Mobil: +36308341231', 'Zubcsik','Gábor', 'foglalkoztatott', TO_DATE('2018/01/01 18:55:44', 'yyyy/mm/dd hh24:mi:ss'));
INSERT INTO ALLASKERESO (ID, ELERHETOSEG, VEZETEKNEV, KERESZTNEV, STATUSZ, UTOLSO_BEJELENTKEZES) values (12, 'Mobil: +36201124541', 'Fanczal','Bence', 'foglalkoztatott', TO_DATE('2018/02/23 11:32:44', 'yyyy/mm/dd hh24:mi:ss'));
INSERT INTO ALLASKERESO (ID, ELERHETOSEG, VEZETEKNEV, KERESZTNEV, STATUSZ, UTOLSO_BEJELENTKEZES) values (13, 'Mobil: +36308123642', 'Sereg','András', 'munkanélküli', TO_DATE('2018/04/02 09:14:44', 'yyyy/mm/dd hh24:mi:ss'));
INSERT INTO ALLASKERESO (ID, ELERHETOSEG, VEZETEKNEV, KERESZTNEV, STATUSZ, UTOLSO_BEJELENTKEZES) values (14, 'Mobil: +36703179741', 'Csernok','Norbert', 'munkanélküli', TO_DATE('2018/04/02 10:03:44', 'yyyy/mm/dd hh24:mi:ss'));

INSERT INTO BASE_USER (ID, EMAIL, USERNAME, PASSWORD, MUNKALTATO_ID, ROLE_ID) VALUES (1, 'munkaltato1@munkaltato.com', 'munkaltato1', 'munkaltato1',1,1);
INSERT INTO BASE_USER (ID, EMAIL, USERNAME, PASSWORD, MUNKALTATO_ID, ROLE_ID) VALUES (2, 'munkaltato2@munkaltato.com', 'munkaltato2', 'munkaltato2',2,1);
INSERT INTO BASE_USER (ID, EMAIL, USERNAME, PASSWORD, MUNKALTATO_ID, ROLE_ID) VALUES (3, 'munkaltato3@munkaltato.com', 'munkaltato3', 'munkaltato3',3,1);
INSERT INTO BASE_USER (ID, EMAIL, USERNAME, PASSWORD, MUNKALTATO_ID, ROLE_ID) VALUES (4, 'munkaltato4@munkaltato.com', 'munkaltato4', 'munkaltato4',4,1);
INSERT INTO BASE_USER (ID, EMAIL, USERNAME, PASSWORD, MUNKALTATO_ID, ROLE_ID) VALUES (5, 'munkaltato5@munkaltato.com', 'munkaltato5', 'munkaltato5',5,1);
INSERT INTO BASE_USER (ID, EMAIL, USERNAME, PASSWORD, MUNKALTATO_ID, ROLE_ID) VALUES (6, 'munkaltato6@munkaltato.com', 'munkaltato6', 'munkaltato6',6,1);
INSERT INTO BASE_USER (ID, EMAIL, USERNAME, PASSWORD, MUNKALTATO_ID, ROLE_ID) VALUES (7, 'munkaltato7@munkaltato.com', 'munkaltato7', 'munkaltato7',7,1);
INSERT INTO BASE_USER (ID, EMAIL, USERNAME, PASSWORD, MUNKALTATO_ID, ROLE_ID) VALUES (8, 'munkaltato8@munkaltato.com', 'munkaltato8', 'munkaltato8',8,1);
INSERT INTO BASE_USER (ID, EMAIL, USERNAME, PASSWORD, MUNKALTATO_ID, ROLE_ID) VALUES (9, 'munkaltato9@munkaltato.com', 'munkaltato9', 'munkaltato9',9,1);
INSERT INTO BASE_USER (ID, EMAIL, USERNAME, PASSWORD, MUNKALTATO_ID, ROLE_ID) VALUES (10, 'munkaltato10@munkaltato.com', 'munkaltato10', 'munkaltato10',10,1);
INSERT INTO BASE_USER (ID, EMAIL, USERNAME, PASSWORD, MUNKALTATO_ID, ROLE_ID) VALUES (11, 'munkaltato11@munkaltato.com', 'munkaltato11', 'munkaltato11',11,1);
INSERT INTO BASE_USER (ID, EMAIL, USERNAME, PASSWORD, MUNKALTATO_ID, ROLE_ID) VALUES (12, 'munkaltato12@munkaltato.com', 'munkaltato12', 'munkaltato12',12,1);
INSERT INTO BASE_USER (ID, EMAIL, USERNAME, PASSWORD, MUNKALTATO_ID, ROLE_ID) VALUES (13, 'munkaltato13@munkaltato.com', 'munkaltato13', 'munkaltato13',13,1);
INSERT INTO BASE_USER (ID, EMAIL, USERNAME, PASSWORD, MUNKALTATO_ID, ROLE_ID) VALUES (14, 'munkaltato14@munkaltato.com', 'munkaltato14', 'munkaltato14',14,1);
INSERT INTO BASE_USER (ID, EMAIL, USERNAME, PASSWORD, MUNKALTATO_ID, ROLE_ID) VALUES (15, 'munkaltato15@munkaltato.com', 'munkaltato15', 'munkaltato15',15,1);
INSERT INTO BASE_USER (ID, EMAIL, USERNAME, PASSWORD, MUNKALTATO_ID, ROLE_ID) VALUES (16, 'munkaltato16@munkaltato.com', 'munkaltato16', 'munkaltato16',16,1);
INSERT INTO BASE_USER (ID, EMAIL, USERNAME, PASSWORD, MUNKALTATO_ID, ROLE_ID) VALUES (17, 'munkaltato17@munkaltato.com', 'munkaltato17', 'munkaltato17',17,1);
INSERT INTO BASE_USER (ID, EMAIL, USERNAME, PASSWORD, MUNKALTATO_ID, ROLE_ID) VALUES (18, 'munkaltato18@munkaltato.com', 'munkaltato18', 'munkaltato18',18,1);
INSERT INTO BASE_USER (ID, EMAIL, USERNAME, PASSWORD, MUNKALTATO_ID, ROLE_ID) VALUES (19, 'munkaltato19@munkaltato.com', 'munkaltato19', 'munkaltato19',19,1);
INSERT INTO BASE_USER (ID, EMAIL, USERNAME, PASSWORD, MUNKALTATO_ID, ROLE_ID) VALUES (20, 'munkaltato20@munkaltato.com', 'munkaltato20', 'munkaltato20',20,1);
INSERT INTO BASE_USER (ID, EMAIL, USERNAME, PASSWORD, ALLASKERESO_ID, ROLE_ID) VALUES (21, 'allaskereso1@munkaltato.com', 'allaskereso1', 'allaskereso1',1,1);
INSERT INTO BASE_USER (ID, EMAIL, USERNAME, PASSWORD, ALLASKERESO_ID, ROLE_ID) VALUES (22, 'allaskereso2@munkaltato.com', 'allaskereso2', 'allaskereso2',2,1);
INSERT INTO BASE_USER (ID, EMAIL, USERNAME, PASSWORD, ALLASKERESO_ID, ROLE_ID) VALUES (23, 'allaskereso3@munkaltato.com', 'allaskereso3', 'allaskereso3',3,1);
INSERT INTO BASE_USER (ID, EMAIL, USERNAME, PASSWORD, ALLASKERESO_ID, ROLE_ID) VALUES (24, 'allaskereso4@munkaltato.com', 'allaskereso4', 'allaskereso4',4,1);
INSERT INTO BASE_USER (ID, EMAIL, USERNAME, PASSWORD, ALLASKERESO_ID, ROLE_ID) VALUES (25, 'allaskereso5@munkaltato.com', 'allaskereso5', 'allaskereso5',5,1);
INSERT INTO BASE_USER (ID, EMAIL, USERNAME, PASSWORD, ALLASKERESO_ID, ROLE_ID) VALUES (26, 'allaskereso6@munkaltato.com', 'allaskereso6', 'allaskereso6',6,1);
INSERT INTO BASE_USER (ID, EMAIL, USERNAME, PASSWORD, ALLASKERESO_ID, ROLE_ID) VALUES (27, 'allaskereso7@munkaltato.com', 'allaskereso7', 'allaskereso7',7,1);
INSERT INTO BASE_USER (ID, EMAIL, USERNAME, PASSWORD, ALLASKERESO_ID, ROLE_ID) VALUES (28, 'allaskereso8@munkaltato.com', 'allaskereso8', 'allaskereso8',8,1);
INSERT INTO BASE_USER (ID, EMAIL, USERNAME, PASSWORD, ALLASKERESO_ID, ROLE_ID) VALUES (29, 'allaskereso9@munkaltato.com', 'allaskereso9', 'allaskereso9',9,1);
INSERT INTO BASE_USER (ID, EMAIL, USERNAME, PASSWORD, ALLASKERESO_ID, ROLE_ID) VALUES (30, 'allaskereso10@munkaltato.com', 'allaskereso10', 'allaskereso10',10,1);
INSERT INTO BASE_USER (ID, EMAIL, USERNAME, PASSWORD, ALLASKERESO_ID, ROLE_ID) VALUES (31, 'allaskereso11@munkaltato.com', 'allaskereso11', 'allaskereso11',11,1);
INSERT INTO BASE_USER (ID, EMAIL, USERNAME, PASSWORD, ALLASKERESO_ID, ROLE_ID) VALUES (32, 'allaskereso12@munkaltato.com', 'allaskereso12', 'allaskereso12',12,1);
INSERT INTO BASE_USER (ID, EMAIL, USERNAME, PASSWORD, ALLASKERESO_ID, ROLE_ID) VALUES (33, 'allaskereso13@munkaltato.com', 'allaskereso13', 'allaskereso13',13,1);
INSERT INTO BASE_USER (ID, EMAIL, USERNAME, PASSWORD, ALLASKERESO_ID, ROLE_ID) VALUES (34, 'allaskereso14@munkaltato.com', 'allaskereso14', 'allaskereso14',14,1);

INSERT INTO ONELETRAJZ (ID, LEIRAS, NYELV) values (1, 'Értek mindenhez is, bármilyen munkát elvállalok ha jó sok pénzt kapok érte.','magyar, angol');
INSERT INTO ONELETRAJZ (ID, LEIRAS, NYELV) values (2, 'Informatikus végzettséggel rendelkezem, webfejlesztő állást keresek.','angol, német');
INSERT INTO ONELETRAJZ (ID, LEIRAS, NYELV) values (3, 'Előző munkahelyemen a konyha királyaként becéztek. Szakács, chef végzettségem van.','magyar');
INSERT INTO ONELETRAJZ (ID, LEIRAS, NYELV) values (4, 'Nagyon szeretem a matematikát, elméleti matematikus végzettségem van a barátaim esőembernek hívnak.','angol, német');
INSERT INTO ONELETRAJZ (ID, LEIRAS, NYELV) values (5, 'Angol-magyar, német-magyar, angol-német tolmácsolást vállalok.','magyar, angol, német');
INSERT INTO ONELETRAJZ (ID, LEIRAS, NYELV) values (6, 'Színvonalas fúvószenekarba jelentkeznék oboista posztra. Zenész végzettséggel rendelkezem.','magyar');
INSERT INTO ONELETRAJZ (ID, LEIRAS, NYELV) values (7, '20 éves kőműves tapasztalattal rendelkezem, építkezések lebonyolítására jelentkeznék','magyar, német');
INSERT INTO ONELETRAJZ (ID, LEIRAS, NYELV) values (8, 'Bolti eladói pozícióra vállalkoznék, akár éjszakai műszakot is vállalok.','magyar');

UPDATE MUNKALTATO SET BASE_USER_ID=1 WHERE MUNKALTATO.ID = 1;
UPDATE MUNKALTATO SET BASE_USER_ID=2 WHERE MUNKALTATO.ID = 2;
UPDATE MUNKALTATO SET BASE_USER_ID=3 WHERE MUNKALTATO.ID = 3;
UPDATE MUNKALTATO SET BASE_USER_ID=4 WHERE MUNKALTATO.ID = 4;
UPDATE MUNKALTATO SET BASE_USER_ID=5 WHERE MUNKALTATO.ID = 5;
UPDATE MUNKALTATO SET BASE_USER_ID=6 WHERE MUNKALTATO.ID = 6;
UPDATE MUNKALTATO SET BASE_USER_ID=7 WHERE MUNKALTATO.ID = 7;
UPDATE MUNKALTATO SET BASE_USER_ID=8 WHERE MUNKALTATO.ID = 8;
UPDATE MUNKALTATO SET BASE_USER_ID=9 WHERE MUNKALTATO.ID = 9;
UPDATE MUNKALTATO SET BASE_USER_ID=10 WHERE MUNKALTATO.ID = 10;
UPDATE MUNKALTATO SET BASE_USER_ID=11 WHERE MUNKALTATO.ID = 11;
UPDATE MUNKALTATO SET BASE_USER_ID=12 WHERE MUNKALTATO.ID = 12;
UPDATE MUNKALTATO SET BASE_USER_ID=13 WHERE MUNKALTATO.ID = 13;
UPDATE MUNKALTATO SET BASE_USER_ID=14 WHERE MUNKALTATO.ID = 14;
UPDATE MUNKALTATO SET BASE_USER_ID=15 WHERE MUNKALTATO.ID = 15;
UPDATE MUNKALTATO SET BASE_USER_ID=16 WHERE MUNKALTATO.ID = 16;
UPDATE MUNKALTATO SET BASE_USER_ID=17 WHERE MUNKALTATO.ID = 17;
UPDATE MUNKALTATO SET BASE_USER_ID=18 WHERE MUNKALTATO.ID = 18;
UPDATE MUNKALTATO SET BASE_USER_ID=19 WHERE MUNKALTATO.ID = 19;
UPDATE MUNKALTATO SET BASE_USER_ID=20 WHERE MUNKALTATO.ID = 20;
UPDATE ALLASKERESO SET BASE_USER_ID=21 WHERE ALLASKERESO.ID = 1;
UPDATE ALLASKERESO SET BASE_USER_ID=22 WHERE ALLASKERESO.ID = 2;
UPDATE ALLASKERESO SET BASE_USER_ID=23 WHERE ALLASKERESO.ID = 3;
UPDATE ALLASKERESO SET BASE_USER_ID=24 WHERE ALLASKERESO.ID = 4;
UPDATE ALLASKERESO SET BASE_USER_ID=25 WHERE ALLASKERESO.ID = 5;
UPDATE ALLASKERESO SET BASE_USER_ID=26 WHERE ALLASKERESO.ID = 6;
UPDATE ALLASKERESO SET BASE_USER_ID=27 WHERE ALLASKERESO.ID = 7;
UPDATE ALLASKERESO SET BASE_USER_ID=28 WHERE ALLASKERESO.ID = 8;
UPDATE ALLASKERESO SET BASE_USER_ID=29 WHERE ALLASKERESO.ID = 9;
UPDATE ALLASKERESO SET BASE_USER_ID=30 WHERE ALLASKERESO.ID = 10;
UPDATE ALLASKERESO SET BASE_USER_ID=31 WHERE ALLASKERESO.ID = 11;
UPDATE ALLASKERESO SET BASE_USER_ID=32 WHERE ALLASKERESO.ID = 12;
UPDATE ALLASKERESO SET BASE_USER_ID=33 WHERE ALLASKERESO.ID = 13;
UPDATE ALLASKERESO SET BASE_USER_ID=34 WHERE ALLASKERESO.ID = 14;
UPDATE ALLASKERESO SET ONELETRAJZ_ID=1 WHERE ALLASKERESO.ID = 1;
UPDATE ALLASKERESO SET ONELETRAJZ_ID=2 WHERE ALLASKERESO.ID = 2;
UPDATE ALLASKERESO SET ONELETRAJZ_ID=3 WHERE ALLASKERESO.ID = 3;
UPDATE ALLASKERESO SET ONELETRAJZ_ID=4 WHERE ALLASKERESO.ID = 4;
UPDATE ALLASKERESO SET ONELETRAJZ_ID=5 WHERE ALLASKERESO.ID = 5;
UPDATE ALLASKERESO SET ONELETRAJZ_ID=6 WHERE ALLASKERESO.ID = 6;
UPDATE ALLASKERESO SET ONELETRAJZ_ID=7 WHERE ALLASKERESO.ID = 7;
UPDATE ALLASKERESO SET ONELETRAJZ_ID=8 WHERE ALLASKERESO.ID = 8;

INSERT INTO SZEKHELY (ID, CIM, MEGYE) values (1, '1. utca 12', 'Békés');
INSERT INTO SZEKHELY (ID, CIM, MEGYE) values (2, 'Szellő utca 32', 'Tolna');
INSERT INTO SZEKHELY (ID, CIM, MEGYE) values (3, 'Boldogasszony sgt. 52', 'Csongrád');
INSERT INTO SZEKHELY (ID, CIM, MEGYE) values (4, 'Reményi utca 13', 'Békés');
INSERT INTO SZEKHELY (ID, CIM, MEGYE) values (5, 'Cserepes sor 61', 'Heves');
INSERT INTO SZEKHELY (ID, CIM, MEGYE) values (6, 'Tököly utca 14', 'Hajdú-bihar');
INSERT INTO SZEKHELY (ID, CIM, MEGYE) values (7, 'Temesvári krt 50', 'Nógrád');
INSERT INTO SZEKHELY (ID, CIM, MEGYE) values (8, 'Szőlő utca 9', 'Vas');
INSERT INTO SZEKHELY (ID, CIM, MEGYE) values (9, 'Hosszú utca 312', 'Zala');
INSERT INTO SZEKHELY (ID, CIM, MEGYE) values (10, 'Munkás utca 41', 'Pest');
INSERT INTO SZEKHELY (ID, CIM, MEGYE) values (11, 'Ortutay utca 25', 'Pest');
INSERT INTO SZEKHELY (ID, CIM, MEGYE) values (12, 'Palánkai utca 71', 'Pest');
INSERT INTO SZEKHELY (ID, CIM, MEGYE) values (13, 'Páncél köz 51', 'Fejér');
INSERT INTO SZEKHELY (ID, CIM, MEGYE) values (14, 'Petőfi utca 13', 'Tolna');
INSERT INTO SZEKHELY (ID, CIM, MEGYE) values (15, 'Régiposta utca 44', 'Baranya');
INSERT INTO SZEKHELY (ID, CIM, MEGYE) values (16, 'Római körút 11', 'Békés');
INSERT INTO SZEKHELY (ID, CIM, MEGYE) values (17, 'Sömlyék utca 78', 'Kkomárom-Esztergom');
INSERT INTO SZEKHELY (ID, CIM, MEGYE) values (18, 'Szamos utca 12', 'Vas');
INSERT INTO SZEKHELY (ID, CIM, MEGYE) values (19, 'Szercsika utca 97', 'Győr-Moson-Sopron');
INSERT INTO SZEKHELY (ID, CIM, MEGYE) values (20, 'Tenkes köz 4', 'Csongrád');

INSERT INTO MUNKALTATO_SZEKHELY (MUNKALTATO_ID, SZEKHELY_ID) values (1, 20);
INSERT INTO MUNKALTATO_SZEKHELY (MUNKALTATO_ID, SZEKHELY_ID) values (2, 19);
INSERT INTO MUNKALTATO_SZEKHELY (MUNKALTATO_ID, SZEKHELY_ID) values (3, 18);
INSERT INTO MUNKALTATO_SZEKHELY (MUNKALTATO_ID, SZEKHELY_ID) values (4, 17);
INSERT INTO MUNKALTATO_SZEKHELY (MUNKALTATO_ID, SZEKHELY_ID) values (5, 16);
INSERT INTO MUNKALTATO_SZEKHELY (MUNKALTATO_ID, SZEKHELY_ID) values (6, 15);
INSERT INTO MUNKALTATO_SZEKHELY (MUNKALTATO_ID, SZEKHELY_ID) values (7, 14);
INSERT INTO MUNKALTATO_SZEKHELY (MUNKALTATO_ID, SZEKHELY_ID) values (8, 13);
INSERT INTO MUNKALTATO_SZEKHELY (MUNKALTATO_ID, SZEKHELY_ID) values (9, 12);
INSERT INTO MUNKALTATO_SZEKHELY (MUNKALTATO_ID, SZEKHELY_ID) values (10, 11);
INSERT INTO MUNKALTATO_SZEKHELY (MUNKALTATO_ID, SZEKHELY_ID) values (11, 10);
INSERT INTO MUNKALTATO_SZEKHELY (MUNKALTATO_ID, SZEKHELY_ID) values (12, 9);
INSERT INTO MUNKALTATO_SZEKHELY (MUNKALTATO_ID, SZEKHELY_ID) values (13, 8);
INSERT INTO MUNKALTATO_SZEKHELY (MUNKALTATO_ID, SZEKHELY_ID) values (14, 7);
INSERT INTO MUNKALTATO_SZEKHELY (MUNKALTATO_ID, SZEKHELY_ID) values (15, 6);
INSERT INTO MUNKALTATO_SZEKHELY (MUNKALTATO_ID, SZEKHELY_ID) values (16, 5);
INSERT INTO MUNKALTATO_SZEKHELY (MUNKALTATO_ID, SZEKHELY_ID) values (17, 4);
INSERT INTO MUNKALTATO_SZEKHELY (MUNKALTATO_ID, SZEKHELY_ID) values (18, 3);
INSERT INTO MUNKALTATO_SZEKHELY (MUNKALTATO_ID, SZEKHELY_ID) values (19, 2);
INSERT INTO MUNKALTATO_SZEKHELY (MUNKALTATO_ID, SZEKHELY_ID) values (20, 1);

INSERT INTO VEGZETTSEG (ID, MEGNEVEZES, MEGSZERZES_DATUMA, ALLASKERESO_ID) values (1, 'Okleveles Zenész, Oboista', 2012, 1);
INSERT INTO VEGZETTSEG (ID, MEGNEVEZES, MEGSZERZES_DATUMA, ALLASKERESO_ID) values (2, 'Bolti eladó', 2015, 2);
INSERT INTO VEGZETTSEG (ID, MEGNEVEZES, MEGSZERZES_DATUMA, ALLASKERESO_ID) values (3, 'Kőműves, építész', 1998, 3);
INSERT INTO VEGZETTSEG (ID, MEGNEVEZES, MEGSZERZES_DATUMA, ALLASKERESO_ID) values (4, 'Anglistzika', 2001, 4);
INSERT INTO VEGZETTSEG (ID, MEGNEVEZES, MEGSZERZES_DATUMA, ALLASKERESO_ID) values (5, 'Germanisztika', 2005, 4);
INSERT INTO VEGZETTSEG (ID, MEGNEVEZES, MEGSZERZES_DATUMA, ALLASKERESO_ID) values (6, 'Érettségi', 2012, 5);
INSERT INTO VEGZETTSEG (ID, MEGNEVEZES, MEGSZERZES_DATUMA, ALLASKERESO_ID) values (7, 'Programtervező Informatikus', 2014, 6);
INSERT INTO VEGZETTSEG (ID, MEGNEVEZES, MEGSZERZES_DATUMA, ALLASKERESO_ID) values (9, 'Elméleti Matematikus', 2004, 7);
INSERT INTO VEGZETTSEG (ID, MEGNEVEZES, MEGSZERZES_DATUMA, ALLASKERESO_ID) values (10,'Szakács, chef',2011, 8);

INSERT INTO ALLASAJANLAT (ID, ELVART_VEGZETTSEGEK, AJANLAT_FELADOJA_ID) values (1, 'Felsőfokú végzettség, Nyelvvizsga', 5);
INSERT INTO ALLASAJANLAT (ID, ELVART_VEGZETTSEGEK, AJANLAT_FELADOJA_ID) values (2, 'Felsőfokú végzettség', 13);
INSERT INTO ALLASAJANLAT (ID, ELVART_VEGZETTSEGEK, AJANLAT_FELADOJA_ID) values (3, 'Érettségi', 3);
INSERT INTO ALLASAJANLAT (ID, ELVART_VEGZETTSEGEK, AJANLAT_FELADOJA_ID) values (4, 'Boldi eladói végzettség', 7);
INSERT INTO ALLASAJANLAT (ID, ELVART_VEGZETTSEGEK, AJANLAT_FELADOJA_ID) values (5, 'Informatikus felsőfokú végzettség', 16);
INSERT INTO ALLASAJANLAT (ID, ELVART_VEGZETTSEGEK, AJANLAT_FELADOJA_ID) values (6, 'Informatikus felsőfokú végzettség', 16);
INSERT INTO ALLASAJANLAT (ID, ELVART_VEGZETTSEGEK, AJANLAT_FELADOJA_ID) values (7, 'Konyhai kisegítő tapasztalat', 10);
INSERT INTO ALLASAJANLAT (ID, ELVART_VEGZETTSEGEK, AJANLAT_FELADOJA_ID) values (8, 'Érettségi', 20);
INSERT INTO ALLASAJANLAT (ID, ELVART_VEGZETTSEGEK, AJANLAT_FELADOJA_ID) values (9, 'Közgazdász felsőfokú végzettség', 1);
INSERT INTO ALLASAJANLAT (ID, ELVART_VEGZETTSEGEK, AJANLAT_FELADOJA_ID) values (10, 'Villanyszerelő végzettség', 19);
INSERT INTO ALLASAJANLAT (ID, ELVART_VEGZETTSEGEK, AJANLAT_FELADOJA_ID) values (11, 'Autószerelő', 8);
INSERT INTO ALLASAJANLAT (ID, ELVART_VEGZETTSEGEK, AJANLAT_FELADOJA_ID) values (12, 'Nyelvvizsga, Kamion vezetői engedély', 12);
INSERT INTO ALLASAJANLAT (ID, ELVART_VEGZETTSEGEK, AJANLAT_FELADOJA_ID) values (13, 'Biológia Doktori végzettség', 14);

INSERT INTO ALLASAJANLAT_JELENTKEZO (ALLASAJANLAT_ID, JELENTKEZO_ID) values (1, 4);
INSERT INTO ALLASAJANLAT_JELENTKEZO (ALLASAJANLAT_ID, JELENTKEZO_ID) values (2, 1);
INSERT INTO ALLASAJANLAT_JELENTKEZO (ALLASAJANLAT_ID, JELENTKEZO_ID) values (3, 6);
INSERT INTO ALLASAJANLAT_JELENTKEZO (ALLASAJANLAT_ID, JELENTKEZO_ID) values (5, 2);
INSERT INTO ALLASAJANLAT_JELENTKEZO (ALLASAJANLAT_ID, JELENTKEZO_ID) values (6, 3);
INSERT INTO ALLASAJANLAT_JELENTKEZO (ALLASAJANLAT_ID, JELENTKEZO_ID) values (7, 3);
INSERT INTO ALLASAJANLAT_JELENTKEZO (ALLASAJANLAT_ID, JELENTKEZO_ID) values (9, 8);
