INSERT INTO MUNKALTATO (ID, CEG_LEIRAS, NEV) values (1, 'Szék kereskedelem', 'ALTA QUALITA Kft.');
INSERT INTO MUNKALTATO (ID, CEG_LEIRAS, NEV) values (2, 'Duguláselhárítás', 'BL-Online Kft.');
INSERT INTO MUNKALTATO (ID, CEG_LEIRAS, NEV) values (3, 'Könyvelés, adótanácsadás', 'Cikloid Kft.');
INSERT INTO MUNKALTATO (ID, CEG_LEIRAS, NEV) values (4, 'Webáruház', 'Clean Express Kft.');
INSERT INTO MUNKALTATO (ID, CEG_LEIRAS, NEV) values (5, 'Ruházati, ajándék nagykereskedés', 'Ex-Quintex Kft.');
INSERT INTO MUNKALTATO (ID, CEG_LEIRAS, NEV) values (6, 'Víz-, gáz-, fűtésszerelés', 'Goldner Team Kft.');
INSERT INTO MUNKALTATO (ID, CEG_LEIRAS, NEV) values (7, 'Zárjavítás, műszaki ajtónyitás', 'Haus Tipp-Topp Bt.');
INSERT INTO MUNKALTATO (ID, CEG_LEIRAS, NEV) values (8, 'Szélvédő javítás', 'Jagasits Zoltán e.v.');
INSERT INTO MUNKALTATO (ID, CEG_LEIRAS, NEV) values (9, 'Egészség és szépségmegőrzés', 'Kati-Szalon');
INSERT INTO MUNKALTATO (ID, CEG_LEIRAS, NEV) values (10, 'Bútorrestaurálás', '	Kispál Sándor bútorasztalos mester');
INSERT INTO MUNKALTATO (ID, CEG_LEIRAS, NEV) values (11, 'Nádtető készítés', 'MaricsNád Kft.');
INSERT INTO MUNKALTATO (ID, CEG_LEIRAS, NEV) values (12, 'Generkivitelezés, lakásépités', 'Montor Kft.');
INSERT INTO MUNKALTATO (ID, CEG_LEIRAS, NEV) values (13, 'Gumiszerviz', 'Pneu-Box Kft.');
INSERT INTO MUNKALTATO (ID, CEG_LEIRAS, NEV) values (14, 'Mérnöki szolgáltatás', 'ROBAKO Bt.');
INSERT INTO MUNKALTATO (ID, CEG_LEIRAS, NEV) values (15, 'Szórakoztatás', 'Stag Kiss Kft.');
INSERT INTO MUNKALTATO (ID, CEG_LEIRAS, NEV) values (16, 'Költöztetés', 'Svici Teher trans Kft.');
INSERT INTO MUNKALTATO (ID, CEG_LEIRAS, NEV) values (17, 'Projektmenedzsment oktatás', 'Szinergia Kft.');
INSERT INTO MUNKALTATO (ID, CEG_LEIRAS, NEV) values (18, 'Írószer nagykereskedés', 'T-Creativ.hu');
INSERT INTO MUNKALTATO (ID, CEG_LEIRAS, NEV) values (19, 'Számítástechnika', 'The-Sys Kft.');
INSERT INTO MUNKALTATO (ID, CEG_LEIRAS, NEV) values (20, 'Számítástechnika', 'Jusoft Hungary Kft.');

INSERT INTO SZEKHELY (ID, CIM, MEGYE) values (1, '1. utca 12', 'Békés');
INSERT INTO SZEKHELY (ID, CIM, MEGYE) values (2, 'Szellő utca 32', 'Tolna');
INSERT INTO SZEKHELY (ID, CIM, MEGYE) values (3, 'Boldogasszony sgt. 52', 'Csongrád');
INSERT INTO SZEKHELY (ID, CIM, MEGYE) values (4, 'Reményi utca 13', 'Békés');
INSERT INTO SZEKHELY (ID, CIM, MEGYE) values (5, 'Cserepes sor 61', 'Heves');
INSERT INTO SZEKHELY (ID, CIM, MEGYE) values (6, 'Tököly utca 14', 'Hajdú-bihar');
INSERT INTO SZEKHELY (ID, CIM, MEGYE) values (7, 'Temesvári krt 50', 'Nógrád');
INSERT INTO SZEKHELY (ID, CIM, MEGYE) values (8, 'Szőlő utca 9', 'Vas');
INSERT INTO SZEKHELY (ID, CIM, MEGYE) values (9, 'Hosszú utca 312', 'Zala');
INSERT INTO SZEKHELY (ID, CIM, MEGYE) values (10, 'Munkás utca 41', 'Pest');
INSERT INTO SZEKHELY (ID, CIM, MEGYE) values (11, 'Ortutay utca 25', 'Pest');
INSERT INTO SZEKHELY (ID, CIM, MEGYE) values (12, 'Palánkai utca 71', 'Pest');
INSERT INTO SZEKHELY (ID, CIM, MEGYE) values (13, 'Páncél köz 51', 'Fejér');
INSERT INTO SZEKHELY (ID, CIM, MEGYE) values (14, 'Petőfi utca 13', 'Tolna');
INSERT INTO SZEKHELY (ID, CIM, MEGYE) values (15, 'Régiposta utca 44', 'Baranya');
INSERT INTO SZEKHELY (ID, CIM, MEGYE) values (16, 'Római körút 11', 'Békés');
INSERT INTO SZEKHELY (ID, CIM, MEGYE) values (17, 'Sömlyék utca 78', 'Kkomárom-Esztergom');
INSERT INTO SZEKHELY (ID, CIM, MEGYE) values (18, 'Szamos utca 12', 'Vas');
INSERT INTO SZEKHELY (ID, CIM, MEGYE) values (19, 'Szercsika utca 97', 'Győr-Moson-Sopron');
INSERT INTO SZEKHELY (ID, CIM, MEGYE) values (20, 'Tenkes köz 4', 'Csongrád');

INSERT INTO MUNKALTATO_SZEKHELY (MUNKALTATO_ID, SZEKHELY_ID) values (1, 20);
INSERT INTO MUNKALTATO_SZEKHELY (MUNKALTATO_ID, SZEKHELY_ID) values (2, 19);
INSERT INTO MUNKALTATO_SZEKHELY (MUNKALTATO_ID, SZEKHELY_ID) values (3, 18);
INSERT INTO MUNKALTATO_SZEKHELY (MUNKALTATO_ID, SZEKHELY_ID) values (4, 17);
INSERT INTO MUNKALTATO_SZEKHELY (MUNKALTATO_ID, SZEKHELY_ID) values (5, 16);
INSERT INTO MUNKALTATO_SZEKHELY (MUNKALTATO_ID, SZEKHELY_ID) values (6, 15);
INSERT INTO MUNKALTATO_SZEKHELY (MUNKALTATO_ID, SZEKHELY_ID) values (7, 14);
INSERT INTO MUNKALTATO_SZEKHELY (MUNKALTATO_ID, SZEKHELY_ID) values (8, 13);
INSERT INTO MUNKALTATO_SZEKHELY (MUNKALTATO_ID, SZEKHELY_ID) values (9, 12);
INSERT INTO MUNKALTATO_SZEKHELY (MUNKALTATO_ID, SZEKHELY_ID) values (10, 11);
INSERT INTO MUNKALTATO_SZEKHELY (MUNKALTATO_ID, SZEKHELY_ID) values (11, 10);
INSERT INTO MUNKALTATO_SZEKHELY (MUNKALTATO_ID, SZEKHELY_ID) values (12, 9);
INSERT INTO MUNKALTATO_SZEKHELY (MUNKALTATO_ID, SZEKHELY_ID) values (13, 8);
INSERT INTO MUNKALTATO_SZEKHELY (MUNKALTATO_ID, SZEKHELY_ID) values (14, 7);
INSERT INTO MUNKALTATO_SZEKHELY (MUNKALTATO_ID, SZEKHELY_ID) values (15, 6);
INSERT INTO MUNKALTATO_SZEKHELY (MUNKALTATO_ID, SZEKHELY_ID) values (16, 5);
INSERT INTO MUNKALTATO_SZEKHELY (MUNKALTATO_ID, SZEKHELY_ID) values (17, 4);
INSERT INTO MUNKALTATO_SZEKHELY (MUNKALTATO_ID, SZEKHELY_ID) values (18, 3);
INSERT INTO MUNKALTATO_SZEKHELY (MUNKALTATO_ID, SZEKHELY_ID) values (19, 2);
INSERT INTO MUNKALTATO_SZEKHELY (MUNKALTATO_ID, SZEKHELY_ID) values (20, 1);

INSERT INTO ONELETRAJZ (ID, LEIRAS, NYELV) values (1, 'Értek mindenhez is, bármilyen munkát elvállalok ha jó sok pénzt kapok érte.','magyar, angol');
INSERT INTO ONELETRAJZ (ID, LEIRAS, NYELV) values (2, 'Informatikus végzettséggel rendelkezem, webfejlesztő állást keresek.','angol, német');
INSERT INTO ONELETRAJZ (ID, LEIRAS, NYELV) values (3, 'Előző munkahelyemen a konyha királyaként becéztek. Szakács, chef végzettségem van.','magyar');
INSERT INTO ONELETRAJZ (ID, LEIRAS, NYELV) values (4, 'Nagyon szeretem a matematikát, elméleti matematikus végzettségem van a barátaim esőembernek hívnak.','angol, német');
INSERT INTO ONELETRAJZ (ID, LEIRAS, NYELV) values (5, 'Angol-magyar, német-magyar, angol-német tolmácsolást vállalok.','magyar, angol, német');
INSERT INTO ONELETRAJZ (ID, LEIRAS, NYELV) values (6, 'Színvonalas fúvószenekarba jelentkeznék oboista posztra. Zenész végzettséggel rendelkezem.','magyar');
INSERT INTO ONELETRAJZ (ID, LEIRAS, NYELV) values (7, '20 éves kőműves tapasztalattal rendelkezem, építkezések lebonyolítására jelentkeznék','magyar, német');
INSERT INTO ONELETRAJZ (ID, LEIRAS, NYELV) values (8, 'Bolti eladói pozícióra vállalkoznék, akár éjszakai műszakot is vállalok.','magyar');

INSERT INTO ALLASKERESO (ID, ELERHETOSEG, NEV, ROLE, STATUSZ, UTOLSO_BEJELENTKEZES, ONELETRAJZ_ID) values (1, 'Mobil: +36309742658', 'Kovács Béla', 1, 'munkanélküli', TO_DATE('2018/03/21 12:11:44', 'yyyy/mm/dd hh24:mi:ss'),1);
INSERT INTO ALLASKERESO (ID, ELERHETOSEG, NEV, ROLE, STATUSZ, UTOLSO_BEJELENTKEZES, ONELETRAJZ_ID) values (2, 'Mobil: +36203674125', 'Kiss Imre', 1, 'munkanélküli', TO_DATE('2018/02/15 08:42:44', 'yyyy/mm/dd hh24:mi:ss'),2);
INSERT INTO ALLASKERESO (ID, ELERHETOSEG, NEV, ROLE, STATUSZ, UTOLSO_BEJELENTKEZES, ONELETRAJZ_ID) values (3, 'Mobil: +36705486524', 'Nagy János', 1, 'munkanélküli', TO_DATE('2018/04/02 18:13:44', 'yyyy/mm/dd hh24:mi:ss'),3);
INSERT INTO ALLASKERESO (ID, ELERHETOSEG, NEV, ROLE, STATUSZ, UTOLSO_BEJELENTKEZES, ONELETRAJZ_ID) values (4, 'Mobil: +36304732598', 'Imre Kristóf', 1, 'munkanélküli', TO_DATE('2018/01/16 17:52:44', 'yyyy/mm/dd hh24:mi:ss'),4);
INSERT INTO ALLASKERESO (ID, ELERHETOSEG, NEV, ROLE, STATUSZ, UTOLSO_BEJELENTKEZES, ONELETRAJZ_ID) values (5, 'Mobil: +36308345185', 'Horváth András', 1, 'foglalkoztatott', TO_DATE('2018/01/01 18:55:44', 'yyyy/mm/dd hh24:mi:ss'),5);
INSERT INTO ALLASKERESO (ID, ELERHETOSEG, NEV, ROLE, STATUSZ, UTOLSO_BEJELENTKEZES, ONELETRAJZ_ID) values (6, 'Mobil: +36201384625', 'Tóth Izabella', 1, 'foglalkoztatott', TO_DATE('2018/02/23 11:32:44', 'yyyy/mm/dd hh24:mi:ss'),6);
INSERT INTO ALLASKERESO (ID, ELERHETOSEG, NEV, ROLE, STATUSZ, UTOLSO_BEJELENTKEZES, ONELETRAJZ_ID) values (7, 'Mobil: +36307165842', 'Okányi Imola', 1, 'munkanélküli', TO_DATE('2018/04/02 09:14:44', 'yyyy/mm/dd hh24:mi:ss'),7);
INSERT INTO ALLASKERESO (ID, ELERHETOSEG, NEV, ROLE, STATUSZ, UTOLSO_BEJELENTKEZES, ONELETRAJZ_ID) values (8, 'Mobil: +36706214788', 'Kovács Béla', 1, 'munkanélküli', TO_DATE('2018/04/02 10:03:44', 'yyyy/mm/dd hh24:mi:ss'),8);
INSERT INTO ALLASKERESO (ID, ELERHETOSEG, NEV, ROLE, STATUSZ, UTOLSO_BEJELENTKEZES, ONELETRAJZ_ID) values (9, 'Mobil: +36706914212', 'Kocsis Józseg', 1, 'munkanélküli', TO_DATE('2018/04/02 18:13:44', 'yyyy/mm/dd hh24:mi:ss'),3);
INSERT INTO ALLASKERESO (ID, ELERHETOSEG, NEV, ROLE, STATUSZ, UTOLSO_BEJELENTKEZES, ONELETRAJZ_ID) values (10, 'Mobil: +36304732598', 'Gyurin Attila', 1, 'munkanélküli', TO_DATE('2018/01/16 17:52:44', 'yyyy/mm/dd hh24:mi:ss'),4);
INSERT INTO ALLASKERESO (ID, ELERHETOSEG, NEV, ROLE, STATUSZ, UTOLSO_BEJELENTKEZES, ONELETRAJZ_ID) values (11, 'Mobil: +36308341231', 'Zubcsik Gábor', 1, 'foglalkoztatott', TO_DATE('2018/01/01 18:55:44', 'yyyy/mm/dd hh24:mi:ss'),5);
INSERT INTO ALLASKERESO (ID, ELERHETOSEG, NEV, ROLE, STATUSZ, UTOLSO_BEJELENTKEZES, ONELETRAJZ_ID) values (12, 'Mobil: +36201124541', 'Fanczal Bence', 1, 'foglalkoztatott', TO_DATE('2018/02/23 11:32:44', 'yyyy/mm/dd hh24:mi:ss'),6);
INSERT INTO ALLASKERESO (ID, ELERHETOSEG, NEV, ROLE, STATUSZ, UTOLSO_BEJELENTKEZES, ONELETRAJZ_ID) values (13, 'Mobil: +36308123642', 'Sereg András', 1, 'munkanélküli', TO_DATE('2018/04/02 09:14:44', 'yyyy/mm/dd hh24:mi:ss'),7);
INSERT INTO ALLASKERESO (ID, ELERHETOSEG, NEV, ROLE, STATUSZ, UTOLSO_BEJELENTKEZES, ONELETRAJZ_ID) values (14, 'Mobil: +36703179741', 'Csernok Norbert', 1, 'munkanélküli', TO_DATE('2018/04/02 10:03:44', 'yyyy/mm/dd hh24:mi:ss'),8);

INSERT INTO VEGZETTSEG (ID, MEGNEVEZES, MEGSZERZES_DATUMA, ALLASKERESO_ID) values (1, 'Okleveles Zenész, Oboista', 2012, 1);
INSERT INTO VEGZETTSEG (ID, MEGNEVEZES, MEGSZERZES_DATUMA, ALLASKERESO_ID) values (2, 'Bolti eladó', 2015, 2);
INSERT INTO VEGZETTSEG (ID, MEGNEVEZES, MEGSZERZES_DATUMA, ALLASKERESO_ID) values (3, 'Kőműves, építész', 1998, 3);
INSERT INTO VEGZETTSEG (ID, MEGNEVEZES, MEGSZERZES_DATUMA, ALLASKERESO_ID) values (4, 'Anglistzika', 2001, 4);
INSERT INTO VEGZETTSEG (ID, MEGNEVEZES, MEGSZERZES_DATUMA, ALLASKERESO_ID) values (5, 'Germanisztika', 2005, 4);
INSERT INTO VEGZETTSEG (ID, MEGNEVEZES, MEGSZERZES_DATUMA, ALLASKERESO_ID) values (6, 'Érettségi', 2012, 5);
INSERT INTO VEGZETTSEG (ID, MEGNEVEZES, MEGSZERZES_DATUMA, ALLASKERESO_ID) values (7, 'Programtervező Informatikus', 2014, 6);
INSERT INTO VEGZETTSEG (ID, MEGNEVEZES, MEGSZERZES_DATUMA, ALLASKERESO_ID) values (9, 'Elméleti Matematikus', 2004, 7);
INSERT INTO VEGZETTSEG (ID, MEGNEVEZES, MEGSZERZES_DATUMA, ALLASKERESO_ID) values (10,'Szakács, chef',2011, 8);

INSERT INTO ALLASAJANLAT (ID, ELVART_VEGZETTSEGEK, AJANLAT_FELADOJA_ID) values (1, 'Felsőfokú végzettség, Nyelvvizsga', 5);
INSERT INTO ALLASAJANLAT (ID, ELVART_VEGZETTSEGEK, AJANLAT_FELADOJA_ID) values (2, 'Felsőfokú végzettség', 13);
INSERT INTO ALLASAJANLAT (ID, ELVART_VEGZETTSEGEK, AJANLAT_FELADOJA_ID) values (3, 'Érettségi', 3);
INSERT INTO ALLASAJANLAT (ID, ELVART_VEGZETTSEGEK, AJANLAT_FELADOJA_ID) values (4, 'Boldi eladói végzettség', 7);
INSERT INTO ALLASAJANLAT (ID, ELVART_VEGZETTSEGEK, AJANLAT_FELADOJA_ID) values (5, 'Informatikus felsőfokú végzettség', 16);
INSERT INTO ALLASAJANLAT (ID, ELVART_VEGZETTSEGEK, AJANLAT_FELADOJA_ID) values (6, 'Informatikus felsőfokú végzettség', 16);
INSERT INTO ALLASAJANLAT (ID, ELVART_VEGZETTSEGEK, AJANLAT_FELADOJA_ID) values (7, 'Konyhai kisegítő tapasztalat', 10);
INSERT INTO ALLASAJANLAT (ID, ELVART_VEGZETTSEGEK, AJANLAT_FELADOJA_ID) values (8, 'Érettségi', 20);
INSERT INTO ALLASAJANLAT (ID, ELVART_VEGZETTSEGEK, AJANLAT_FELADOJA_ID) values (9, 'Közgazdász felsőfokú végzettség', 1);
INSERT INTO ALLASAJANLAT (ID, ELVART_VEGZETTSEGEK, AJANLAT_FELADOJA_ID) values (10, 'Villanyszerelő végzettség', 19);
INSERT INTO ALLASAJANLAT (ID, ELVART_VEGZETTSEGEK, AJANLAT_FELADOJA_ID) values (11, 'Autószerelő', 8);
INSERT INTO ALLASAJANLAT (ID, ELVART_VEGZETTSEGEK, AJANLAT_FELADOJA_ID) values (12, 'Nyelvvizsga, Kamion vezetői engedély', 12);
INSERT INTO ALLASAJANLAT (ID, ELVART_VEGZETTSEGEK, AJANLAT_FELADOJA_ID) values (13, 'Biológia Doktori végzettség', 14);

INSERT INTO ALLASAJANLAT_JELENTKEZO (ALLASAJANLAT_ID, JELENTKEZO_ID) values (1, 4);
INSERT INTO ALLASAJANLAT_JELENTKEZO (ALLASAJANLAT_ID, JELENTKEZO_ID) values (2, 1);
INSERT INTO ALLASAJANLAT_JELENTKEZO (ALLASAJANLAT_ID, JELENTKEZO_ID) values (3, 6);
INSERT INTO ALLASAJANLAT_JELENTKEZO (ALLASAJANLAT_ID, JELENTKEZO_ID) values (5, 2);
INSERT INTO ALLASAJANLAT_JELENTKEZO (ALLASAJANLAT_ID, JELENTKEZO_ID) values (6, 3);
INSERT INTO ALLASAJANLAT_JELENTKEZO (ALLASAJANLAT_ID, JELENTKEZO_ID) values (7, 3);
INSERT INTO ALLASAJANLAT_JELENTKEZO (ALLASAJANLAT_ID, JELENTKEZO_ID) values (9, 8);

